{"cameraMode":{"drawMode":0,"name":"Shaded","section":"Shading Mode"},"sceneLighting":true,"audioPlay":false,"sceneViewState":{"m_AlwaysRefresh":false,"showFog":true,"showSkybox":true,"showFlares":true,"showImageEffects":true,"showParticleSystems":true,"showVisualEffectGraphs":true,"m_FxEnabled":true},"in2DMode":false,"pivot":{"x":6.4068708419799809,"y":5.378496170043945,"z":-19.97231101989746},"rotation":{"x":-0.023524263873696328,"y":0.08475323021411896,"z":0.006835791748017073,"w":0.9968286752700806},"size":6.526867866516113,"orthographic":false}